Name,Common name,SMILE,Odor,target,Odor Class,ABCIndex,Acidic Group Count,Basic Group Count,Adjacency Matrix,Aromatic Atom Count,Aromatic Bond Count,Atom Count,Autocorrelation ATS,Autocorrelation ATSC,BalabanJ,Barysz Matrix ,BCUT,BertzCT,BondCount,CarbonTypes,Chi,ConstitutionalSum,ConstitutionalMean,DistanceMatrix,EccentricConnectivityIndex,AtomTypeEState,EtaCoreCount,EtaShapeIndex,EtaVEMCount,FragmentComplexity,Framework,HBondAcceptor,HBondDonor,InformationContent,VMcGowan,LabuteASA,MID,PathCount,APol,Bpol,RingCount,nRot,SLogP,JGT10,Diameter,TopoShapeIndex,TopoPSA,Vabc,VAdjMat,MWC01,MW,WPath,Zagreb1
beta-ionyl acetate,beta-ionyl acetate,CC1=C(C(CCC1)(C)C)C=CC(C)OC(=O)C,"sweet berry, raspberry, violet jam, woody",0,Berry,12.67416205,0,0,0.196722438,0,0,41,2700.283353,1337.754426,2.425240734,55.90549692,16.01398919,347.9333206,41,5,13.05204176,22.93153185,0.559305655,67.07237407,242,0,8.166666667,0.346938776,12.75,17.02,0.146341463,2,0,1.195540811,210.19,104.7384707,32.83811266,17,42.657032,26.680968,1,3,4.0208,0.655443996,9,0.8,26.3,265.3108554,5.087462841,17,236.17763,552,82
perillyl acetate,perilla acetate,CC(=C)C1CCC(=CC1)COC(=O)C,"fruity, woody, raspberry",0,Berry,10.29661402,0,0,0.237698824,0,0,32,2261.394606,1081.94501,2.156041872,43.66744744,16.01398595,263.4952945,32,3,10.55204176,18.30604844,0.572064014,51.5964063,190,0,6.666666667,0.275,11.25,14.02,0.1875,2,0,1.247556249,167.92,85.6436444,27.25395873,14,33.646274,20.661726,1,3,2.8521,0.528546863,9,0.8,26.3,213.4228997,4.807354922,14,194.1306798,347,64
3-benzyl-4heptanone,morellone,CCCC(=O)C(CC)CC1=CC=CC=C1,"fruity, berry, woody",0,Berry,10.6755514,0,0,0.234487605,6,6,35,2295.986975,1103.306919,2.302597078,48.92139232,16.01005072,289.466827,35,2,11.09601184,20.13307714,0.575230775,54.99018535,204,0,7.333333333,0.181818182,15.25,15.01,0.171428571,1,0,1.136667851,185.93,92.51246213,29.37151484,15,37.51786,20.93214,1,6,3.6245,0.39189017,9,0.8,17.07,225.6881843,4.906890596,15,204.1514153,398,66
"Ethyl 2-methyl-3,4-pentadienoate",berry pentadienoate,CCOC(=O)C(C)C=C=C,"green, sweet, fruity",0,Berry,6.542300516,0,0,0.282175908,0,0,22,1678.241738,785.0147778,3.37592944,22.4279073,16.01398191,154.6405265,21,3,7.983127663,12.68056503,0.57638932,28.17204781,92,0,4.666666667,0.392857143,8.75,9.02,0,2,0,1.322179346,122.42,61.18970709,18.47916012,9,22.965516,14.642484,0,3,1.5267,0.47957483,7,0.75,26.3,156.5954178,4.169925001,9,140.0837296,135,38
p-Mentha-8-thiol-3-one,buchu mercaptan,CC1CCC(C(=O)C1)C(C)(C)S,"sulfury, minty, green ",0,Berry,9.07876717,0,0,0.267251687,0,0,30,2744.741963,1587.657497,2.565300112,29.70299151,32.06060425,180.7678258,30,3,9.353371151,16.77830409,0.559276803,31.96799227,106,0,6.166666667,0.432432432,7.75,12.02,0.2,2,1,1.29762623,158.82,80.33448767,23.00487925,12,32.404274,21.385726,1,1,2.7001,0.705522169,6,1,17.07,193.8226447,4.584962501,12,186.1078362,186,60
"2-[(1S)-2,2,3-trimethylcyclopent-3-en-1-yl]ethyl acetate",campholene acetate,CC1=CCC(C1(C)C)CCOC(=O)C,"sweet fresh lavender, floral, berry ",0,Berry,10.42228247,0,0,0.21820643,0,0,34,2263.426734,1130.198378,2.31500826,43.62270395,16.01398587,251.047344,34,5,10.76758471,18.84787625,0.554349301,48.26295372,175,0,6.666666667,0.35,10.25,14.02,0.147058824,2,0,1.221047785,172.22,86.33324743,26.96268247,14,34.97986,22.66814,1,3,2.932,0.649763416,8,1,26.3,216.0593587,4.807354922,14,196.1463299,326,68
E-beta -damascone,damascone,CC=CC(=O)C1=C(CCCC1(C)C)C,"fruity,floral,berry",0,Berry,10.293622,0,0,0.235045134,0,0,34,2151.722854,1064.074054,2.686418182,36.69256731,16.0100506,292.3574238,34,4,10.76758471,19.13307714,0.562737563,42.20935923,149,0,6.833333333,0.341463415,10.75,14.01,0.176470588,1,0,1.130278187,176.14,86.89504128,27.00228131,14,35.84786,20.93214,1,2,3.6582,0.620688838,7,0.75,17.07,221.928658,4.807354922,14,192.1514153,285,68
Ambrettolide,musk natural,C1CCCCOC(=O)CCCCCC=CCCC1,"sweet,soapy,musk",0,Berry,12.83731186,0,0,0.213848186,0,0,46,2848.61173,1463.725852,2.094596199,72.27602392,16.01398605,233.2514595,46,1,12.89105877,25.01518746,0.543808423,78.0448663,293,0,8.666666667,0.038461538,12.25,18.02,0.369565217,2,0,1.162563308,228.58,111.7930159,35.81963742,18,46.994204,30.693796,1,0,4.7806,0.128904967,9,0.125,26.3,285.2432996,5.169925001,18,252.2089301,701,74
iso-pentyl cinnamate,"cinnamic acid, isopentyl ester",CC(C)CCOC(=O)C=CC1=CC=CC=C1,"floral,amber,cocoa",0,Berry,11.6418779,0,0,0.216977512,6,6,34,2549.922848,1148.3598,1.979887527,57.60417662,16.01398517,339.012791,34,3,11.80311862,20.30604844,0.597236719,71.22960551,273,0,7.666666667,0.173913043,17.25,16.02,0.176470588,2,0,1.253297578,187.5,96.93640433,31.36138427,16,36.986274,20.661726,1,5,3.2891,0.377668629,11,0.833333333,26.3,231.8419523,5,16,218.1306798,551,70
ethyl-pentanoate,ethyl valerate,CCCCC(=O)OCC,"sweet,fruity,apple",0,Berry,5.766244049,0,0,0.303151528,0,0,23,1536.009745,799.1117029,2.954822573,22.2076955,16.01398117,78.98533617,22,3,7.112884175,12.22239284,0.531408384,25.02074591,83,0,4.166666667,0.32,6.25,8.02,0,2,0,1.264672679,116.93,56.20397104,16.65502353,8,22.629102,16.648898,0,4,1.7397,0.385368481,7,0.75,26.3,144.5723505,4,8,130.0993797,108,32
allylethyl persulfide,ethyl allyl disulphide,CCSSCC=C,"Alliceous, onion, garlic-like",1,Alliaceaous,4.242640687,0,0,0.359095678,0,0,17,2787.168445,1726.909326,2.447472888,8.963340064,32.16050671,43.34481289,16,3,5.535533906,10.08324852,0.593132266,16.6253823,54,0,4.166666667,0.24,4,6.02,0,2,0,1.332820405,109.71,53.15559859,12.83378878,6,20.81793,12.49207,0,4,2.5737,0.213472222,6,1,0,129.4179751,3.584962501,6,134.0223923,56,22
n-butyl sulfide,dibutyl sulfide,CCCCSCCCC,"green, grassy, violet-leaf ",1,Alliaceaous,5.656854249,0,0,0.313732835,0,0,27,2200.24572,1407.603155,2.595082707,22.41690065,32.06099799,37.83229392,26,4,6.949747468,14.06350499,0.520870555,27.74218932,96,0,4.833333333,0.206896552,4,8.01,0,1,0,1.086048612,139.93,63.41695585,16.82976754,8,28.262274,20.517726,0,6,3.3198,0.174198696,8,1,0,165.4333652,4,8,146.1129216,120,30
ethyl- 3-(furfurylthio)propionate,ethyl 3-(furfurylthio)propionate,CCOC(=O)CCSCC1=CC=CO1,"Onion, garlic, sulfuraceous",1,Alliaceaous,10.00888474,0,0,0.222428189,5,5,28,3252.613709,1612.774786,1.877094306,40.96359612,32.06099829,256.340644,28,4,10.22576835,17.12424669,0.611580239,57.08002796,221,0,6.833333333,0.12195122,13.75,14.04,0.178571429,4,0,1.547457159,161.96,87.81356242,27.41792455,14,31.341102,20.844898,1,6,2.466,0.318062699,10,1,39.44,195.2301807,4.807354922,14,214.0663653,387,60
4-methyl thiazole,4-methyl thiazole,CC1=CSC=N1,"alliaceous, ripe,nutty",1,Alliaceaous,4.352030487,0,0,0.399872143,5,5,11,1806.176453,912.4563802,2.18410557,5.422547484,32.0622449,111.1085055,11,1,4.405777394,7.299587828,0.663598893,8.82187003,29,0,3.233333333,0.154639175,7.5,6.02,0.454545455,2,0,1.67673703,74.09,40.65635649,11.57549817,6,14.013965,8.616035,1,0,1.45152,0.341269841,3,0.5,12.89,78.71680807,3.584962501,6,99.01427016,26,26
Dipropyl disulfide,onion oil,CCCSSCCC,"obnoxious,sulfide,onion",1,Alliaceaous,4.949747468,0,0,0.334183486,0,0,22,2935.496822,1908.701876,2.530060457,14.04240854,32.16050681,31.509775,21,4,6.242640687,12.16690413,0.553041097,21.83635335,74,0,4.666666667,0.214285714,3.5,7.02,0,2,0,1.240670532,128.1,60.21014374,14.83110795,7,25.155102,16.504898,0,5,3.1878,0.19239229,7,0.75,0,149.3504192,3.807354922,7,150.0536924,84,26
1-(propyltrisulfanyl)propane,dipropyl trisulfide,CCCSSSCCC,"sulfureous,alliaceous,pungent",1,Alliaceaous,5.656854249,0,0,0.313732835,0,0,23,3963.340422,2517.495197,2.595082707,15.56017299,32.20218378,41.56763142,22,4,6.949747468,13.35395888,0.580606908,27.74218932,96,0,5.5,0.181818182,4,8.03,0,3,0,1.324969286,144.45,69.73321585,16.82976754,8,28.055102,16.504898,0,6,3.836,0.174198696,8,1,0,167.8594437,4,8,182.0257634,120,30
methanethiol,methane mercaptan,CS,"Vegetable oil, alliaceous, eggy",1,Alliaceaous,0,0,0,0.707106781,0,0,6,1176.171977,790.5222088,1,0.800640605,32.0606035,2,5,0,2,3.27071036,0.545118393,1,2,0,1.333333333,1,0.5,1.01,0,1,1,1.251629167,41.3,19.89431769,3,1,7.237172,6.472828,0,0,0.546,0,1,0,0,44.36146865,1,1,48.00337113,1,2
2-methyl-3-(methylthio)furan,dimethylthiofuran,CC1=C(C=CO1)SC,"spicy,pungent,alliaceous",1,Alliaceaous,5.725803935,0,0,0.332866804,5,5,16,2157.524839,1130.498606,2.303026599,9.344485927,32.06110277,168.7913934,16,1,5.983127663,10.06916507,0.629322817,15.75721258,51,0,4.166666667,0.24,9,8.02,0.3125,2,0,1.530639062,98.16,53.07872664,15.46523806,8,19.056344,12.221656,1,1,2.30992,0.421626984,4,1,13.14,111.1022449,4,8,128.0295859,61,36
bis(methylthio)methane,truffle sulfide,CSCSC,"pungent, metallic, alliaceous",1,Alliaceaous,2.828427125,0,0,0.430940108,0,0,13,2496.608075,1595.768145,2.190609687,3.328440831,32.06261203,12.36452798,12,0,4.121320344,7.541420721,0.580109286,8.288215752,24,0,3.166666667,0.315789474,2,4.02,0,2,0,1.334679141,85.83,41.71535531,8.849873734,4,16.144344,12.945656,0,2,1.6699,0.261574074,4,1,0,97.46246357,3,4,108.0067423,20,14
2-[(methyldisulfanyl)methyl]furan,methyl furfuryl disulfide,CSSCC1=CC=CO1,"roasted coffee, sulfurous,cooked meat",1,Alliaceaous,6.363961031,0,0,0.303739597,5,5,17,3185.368439,1674.79538,1.9786517,12.55364301,32.1605595,148.1012865,17,1,6.527097737,11.25621982,0.662130578,22.78262294,86,0,5,0.1,9,9.03,0.294117647,3,0,1.64571137,114.51,62.60179875,17.59254002,9,21.956344,12.221656,1,3,2.7908,0.26537037,6,1,13.14,129.6112693,4.169925001,9,160.0016569,99,38
"1,4-dithiane",p-dithane,C1CSCCS1,"seafood-like,solvent,garlic",1,Alliaceaous,4.242640687,0,0,0.40824829,0,0,14,2640.872196,1608.388483,2,5.475492563,32.06202271,21.01955001,14,4,4.242640687,8.541420721,0.61010148,9,36,0,3.666666667,0,3,6.02,0.428571429,2,0,1.378783493,89.06,47.07446627,11.8125,6,17.814344,12.945656,1,0,1.4664,0,3,0,0,102.4019898,3.584962501,6,120.0067423,27,24
2-acetyl 3-methyl pyrazine,2-acetyl 3-methyl pyrazine,CC1=NC=CN=C1C(=O)C,"roasted coffee, cocoa, popcorn",2,Coffee,7.318356982,0,0,0.296474416,6,6,18,1666.337458,636.4534738,2.39604491,17.16109104,16.01005175,257.5379489,18,2,7.560477932,11.39803745,0.633224303,23.44376108,76,0,4.633333333,0.287769784,13.75,10.03,0.333333333,3,0,1.633731421,107.26,59.12704752,19.38481891,10,20.026344,11.173656,1,1,0.98762,0.475758547,5,0.666666667,42.85,126.6098089,4.321928095,10,136.0636629,114,46
difurfuryl disulfide,coffee difuran,C1=COC(=C1)CSSCC2=CC=CO2,"sulfurous,coffee,furfuryl mercaptan",2,Coffee,10.60660172,0,0,0.263139004,10,10,24,4020.425052,1886.453766,1.457739514,31.65530672,32.16050747,303.8504001,25,2,9.639981913,16.51284673,0.688035281,54.6594049,222,0,7.333333333,0,16.5,43.04,0.583333333,4,0,1.650022422,157.28,90.45322222,28.36166019,15,30.77193,15.96407,2,5,3.9542,0.211098668,9,0.8,26.28,179.0560604,4.906890596,15,226.0122216,373,66
2-(furan-2-yloxy)furan,difuryl ether,C1=COC(=C1)OC2=CC=CO2,"coffee, nutty, earthy",2,Coffee,8.485281374,0,0,0.293401891,10,10,17,1928.113355,602.2358439,1.705949139,19.58070247,16.01548256,261.6984453,18,0,7.518661569,11.76988072,0.692345925,30.16898571,118,0,5,0,16,34.03,0.647058824,3,0,1.483659164,102.27,63.19070108,22.36262746,12,19.766758,11.227242,2,2,2.6649,0.231157407,6,1,35.51,116.2362679,4.584962501,12,150.0316941,162,54
furan-2-ylmethyl 3-methylbutanoate,fufuryl isovalerate,CC(C)CC(=O)OCC1=CC=CO1,"berry,fruity,grape",2,Coffee,9.520557555,0,0,0.25090564,5,5,27,2224.770109,995.0010734,2.030812976,37.46487647,16.01458885,249.1433914,27,3,9.681798276,15.93719194,0.590266368,45.82620358,166,0,6,0.222222222,13.25,13.03,0.185185185,3,0,1.374252785,145.61,77.6904524,25.24994238,13,28.441102,18.384898,1,4,2.3689,0.443350586,8,1,39.44,176.7211562,4.700439718,13,182.0942943,289,58
1-(furan-2-yl)ethanethiol,methyl furfuryl thiol,CC(C1=CC=CO1)S,"roasted coffee, sulfurous,cooked meat",2,Coffee,5.835193734,0,0,0.336615739,5,5,16,2157.524839,1130.498606,2.242040082,11.52859087,32.06060397,143.5719615,16,1,5.983127663,10.06916507,0.629322817,15.92690319,51,0,4.166666667,0.32,8.5,8.02,0.3125,2,1,1.530639062,98.16,54.11068328,15.42009782,8,19.056344,12.221656,1,1,2.2704,0.385185185,4,1,13.14,111.1022449,4,8,128.0295859,62,36
"3,6-dimethyl-4,5,6,7-tetrahydro-1-benzofuran",menthofuran,CC1CCC2=C(C1)OC=C2C,"diffusive, pungent,musty",2,Coffee,8.623180745,0,0,0.284743577,5,5,25,1712.834107,810.1801534,2.001279461,22.29763189,16.01028549,259.8365354,26,2,7.844934983,14.50759373,0.580303749,26.34121259,103,0,5.333333333,0.1875,10.5,34.01,0.36,1,0,1.182966195,127.31,67.40955392,22.28483786,12,26.837102,15.780898,2,0,2.71282,0.486837263,6,1,13.14,149.4207023,4.584962501,12,150.1044651,141,58
1-(furan-2-yl)ethanone,acetyl furan,CC(=O)C1=CC=CO1,"sweet balsam, almond, cocoa",2,Coffee,5.835193734,0,0,0.336615739,5,5,14,1383.617112,517.5705017,2.242040082,11.47338323,16.01150114,174.4184221,14,1,5.983127663,9.05508162,0.646791544,15.92690319,51,0,3.666666667,0.227272727,10.25,8.02,0.357142857,2,0,1.448815636,83.38,47.11713871,15.42009782,8,15.624758,8.623242,1,1,1.4822,0.385185185,4,1,30.21,98.7469884,4,8,110.0367794,62,36
5-methyl furfural,5-methyl furfural,CC1=CC=C(O1)C=O,"sweet, caramellic, bready",2,Coffee,5.766244049,0,0,0.333602758,5,5,14,1383.617112,517.5705017,2.218336754,11.31856192,16.01149886,188.1635346,14,1,5.983127663,9.05508162,0.646791544,16.32222086,59,0,3.666666667,0.227272727,10.25,8.02,0.357142857,2,0,1.448815636,83.38,47.11713871,15.46568272,8,15.624758,8.623242,1,1,1.40052,0.479907407,5,0.666666667,30.21,98.7469884,4,8,110.0367794,63,36
3-mercapto-3-methyl butyl formate,3-mercapto-3-methyl butyl formate,CC(C)(CCOC=O)S,"sulfurous,catty, caramelised onion",2,Coffee,6.133610117,0,0,0.29308786,0,0,21,2417.557096,1371.40622,3.072989461,19.77232214,32.06060411,85.54887502,20,3,7.328427125,11.86761978,0.565124752,23.96344545,76,0,4.5,0.481481481,6.25,8.03,0,3,1,1.509968613,119.19,60.99409559,16.43623173,8,22.525516,17.102484,0,4,1.2579,0.593833333,6,1,26.3,145.7853897,4,8,148.0558006,104,36
1-hydroxybutan-2-one,hydroxybutanone,CCC(=O)CO,"sweet,coffee,brown",2,Coffee,3.644923706,0,0,0.383465882,0,0,14,1097.120998,542.6447669,2.754184786,9.360840389,16.01023055,43.509775,13,2,4.991563832,7.596909424,0.542636387,10.74240473,29,0,2.666666667,0.4375,4.5,5.02,0,2,1,1.378783493,74.66,36.78983322,10.6758508,5,13.618344,8.893656,0,2,-0.0422,0.464583333,4,1,37.3,92.6843948,3.321928095,5,88.0524295,31,20
2-methylquinoxaline,2-methyl quinoxaline,CC1=CC2=C(C=C1C)N(C(=O)C(=O)N2)CC(C(C(CO)O)O)O,"toasted coffee, roasted coffee, nutty",2,Coffee,17.45321055,0,0,0.17414218,10,11,43,4112.483199,1666.160062,2.098837231,81.31199569,16.01288901,825.052513,44,4,17.3090366,26.2229998,0.609837205,103.4874193,397,0,10.3,0.291262136,24.75,70.08,0.23255814,7,5,1.645992759,234.17,130.8169091,45.40599279,24,45.39786,24.08014,2,5,-1.61836,0.578612979,11,0.833333333,135.78,283.0359076,5.584962501,24,324.1321364,1150,118
3-carene,carene,CC1=CCC2C(C1)C2(C)C,"citrus, terpenic,herbal",3,Citrus,8.04174241,0,0,0.280425192,0,0,26,1458.898234,745.0215938,2.036709021,21.36430104,12.30011555,186.2149912,27,3,7.353371151,14.33462243,0.551331632,22.21606521,84,0,5,0.3,6.5,31,0.269230769,0,0,0.961236605,125.74,63.32246472,19.76989887,11,27.368688,16.051312,2,0,2.9987,0.704612795,5,0.666666667,0,154.1669343,4.459431619,11,136.1252005,108,58
4-methyl-1-(6-methylhept-5-en-2-yl)cyclohex-3-en-1-ol,beta bisabolol,CC1=CCC(CC1)(C(C)CCC=C(C)C)O,"citrus, floral, tangy",3,Citrus,11.84857676,0,0,0.207194407,0,0,42,2446.34748,1268.983042,2.312113662,58.02042949,16.00204571,283.8100768,42,4,12.18179828,22.75856055,0.541870489,63.07732566,238,0,7.833333333,0.29787234,10.25,16.01,0.142857143,1,1,1.087203337,208.62,100.2576372,30.97314807,16,43.188618,26.083382,1,4,4.2302,0.637453814,10,1,20.23,259.1570874,5,16,222.1983655,485,76
"3,7-dimethyloct-6-enenitrile",citronellyl nitrile,CC(CCC=C(C)C)CC#N,"fresh,lemon, metallic",3,Citrus,7.399237211,0,0,0.279327862,0,0,28,1656.110347,839.0578467,3.09962083,32.78002243,14.05417027,158.2018156,27,3,8.690234444,15.3634999,0.548696425,36.59051034,122,0,5.4,0.351851852,9.25,10.01,0,1,0,1.139278163,148.84,69.72670671,20.4861167,10,29.135481,17.624519,0,4,3.28258,0.477839449,8,1,23.79,184.6036949,4.321928095,10,151.1360995,194,42
beta-cubebene,beta-cubebene,CC1CCC(C2C13C2C(=C)CC3)C(C)C,"citrus, fruity, radish",3,Citrus,12.11178535,0,0,0.218482272,0,0,39,2188.347351,1117.532391,1.883010754,42.96402218,12.30989217,301.1601712,41,3,10.79252874,21.50193365,0.551331632,44.02738314,160,0,7.5,0.266666667,9.5,79,0.256410256,0,0,0.961236605,185.33,94.14134414,30.36726496,17,41.053032,24.076968,3,1,4.2709,0.610513416,6,1,0,228.2904015,5.087462841,17,204.1878008,319,90
z-4-oxo-7-decenal,z-4 decenal,CCC=CCCC(=O)CCC=O,"citrus, aldehydic,orange",3,Citrus,7.887564393,0,0,0.254731351,0,0,28,1970.834236,960.0002469,3.02387522,40.76940784,16.01115617,159.2215146,27,1,9.234204519,15.76422064,0.56300788,45.5558592,163,0,5.666666667,0.205882353,10,11.02,0,2,0,1.263809174,150.6,73.65717123,22.65054885,11,28.972688,17.787312,0,7,2.281,0.313111147,10,1,34.14,191.1873882,4.459431619,11,168.1150298,262,44
dihydronootkatone,dihydronootkatone,CC1CC(=O)CC2C1(CC(CC2)C(=C)C)C,"citrus,peel, grapefruit",3,Citrus,12.45363387,0,0,0.223506725,0,0,40,2444.315352,1230.396184,2.128864043,48.86891395,16.01005093,317.3966411,41,3,11.92228525,22.21673275,0.555418319,51.3812497,193,0,7.833333333,0.29787234,11.25,49.01,0.25,1,0,1.105866621,197.76,99.30869739,31.82293719,17,41.855032,24.944968,2,1,3.9841,0.67392402,8,1,17.07,246.8006285,5.087462841,17,220.1827154,397,86
dipentene,limonene,CC1=CCC(CC1)C(=C)C,"citrus,herbal,terpene",3,Citrus,7.358797097,0,0,0.299535239,0,0,26,1458.898234,745.0215938,2.259902596,22.24092625,12.29563565,162.8771238,26,2,7.560477932,14.33462243,0.551331632,24.79457074,88,0,5,0.3,7,10,0.230769231,0,0,0.961236605,132.3,63.63869284,19.38570823,10,27.368688,16.051312,1,1,3.3089,0.540426055,6,1,0,163.8869343,4.321928095,10,136.1252005,120,46
2-Ethylhexanol,2-Ethylhexanol,CCCCC(CC)CO,"citrus,fresh,floral",3,Citrus,5.656854249,0,0,0.301532098,0,0,27,1428.370121,800.2177743,3.092246195,23.64140678,16.00203708,48.52932501,26,3,7.112884175,13.59124934,0.503379605,24.09878462,74,0,4.333333333,0.307692308,4.25,8.01,0,1,1,1.086048612,129.45,58.08807958,16.66420735,8,26.164274,18.057726,0,5,2.1951,0.372152778,6,1,20.23,155.7145677,4,8,130.1357652,104,32
"3,7-Dimethylocta-1,6-dien-3-ol",linalool,CC(=CCCC(C)(C=C)O)C,"citrus, floral, sweet",3,Citrus,7.607684657,0,0,0.262378548,0,0,29,1716.898363,896.4160179,3.376278757,30.07400472,16.0020448,150.2557124,28,3,8.905777394,15.59124934,0.537629288,33.84978195,109,0,5.333333333,0.4375,7.25,10.01,0,1,1,1.124259237,149.03,69.43875775,20.25493536,10,29.504274,18.057726,0,4,2.6698,0.65406718,7,0.75,20.23,185.0336202,4.321928095,10,154.1357652,180,46
neryl alcohol,nerol,CC(=CCCC(=CCO)C)C,"sweet, natural,neroli",3,Citrus,7.399237211,0,0,0.279327862,0,0,29,1716.898363,896.4160179,3.09962083,31.56446128,16.00203768,150.2557124,28,4,8.690234444,15.59124934,0.537629288,36.59051034,122,0,5.333333333,0.34375,7.25,10.01,0,1,1,1.124259237,149.03,69.43875775,20.4861167,10,29.504274,18.057726,0,4,2.6714,0.477839449,8,1,20.23,185.0336202,4.321928095,10,154.1357652,194,42
alpha-sinensal,alpha-sinensal,CC(=CCC=C(C)C=C)CCC=C(C)C=O,"citrus, orange, mandarin",3,Citrus,10.93477112,0,0,0.230769948,0,0,38,2442.283224,1187.74755,3.338288969,62.81905302,16.01004155,316.3266529,37,3,12.38890506,21.67490495,0.570392235,75.56610956,271,0,7.833333333,0.29787234,13.25,15.01,0,1,0,1.123957657,206.58,99.2515506,30.3020571,15,40.521446,22.938554,0,7,4.3805,0.468494104,12,1,17.07,263.6041695,4.906890596,15,218.1670653,583,64
"	
1-Aminopropan-2-ol",Isopropanolamine,CC(CN)O,"fishy, pungent",4,Fishy,3.047206724,0,1,0.426197263,0,0,14,894.100989,491.1251089,2.539538861,6.89012958,16.00204006,20.85475297,13,2,4.28445705,6.910987788,0.493641985,7.459294271,19,0,2.233333333,0.552238806,2.5,4.02,0,2,2,1.429911171,68.98,31.60325971,8.696801932,4,12.913137,8.458863,0,1,-0.6741,0.486111111,3,0.5,46.25,80.23140217,3,4,75.06841391,18,16
"	
trimethylamine","	
trimethylamine",CN(C)C,"fishy,oily,ranicd",4,Fishy,2.449489743,0,1,0.482962913,0,0,13,638.132988,369.3461769,2.323790008,4,14.02504138,8,12,0,3.577350269,6.196188683,0.476629899,4.645751311,9,0,1.9,0.789473684,2.25,3.01,0,1,0,1.140115679,63.11,27.22896893,6.732050808,3,12.111137,10.738863,0,0,0.1778,0.5,2,1,3.24,71.44117522,2.584962501,3,59.07349929,9,12
2-methyl piperidine,pipicoline,CC1CCCCN1,"amine, fishy, seafood",4,Fishy,5.059137268,0,1,0.370595007,0,0,20,1074.989607,583.1857406,2.12291795,11.54425245,14.01703431,46.14170945,20,2,5.112884175,10.27984429,0.513992215,12.17044963,45,0,3.4,0.147058824,4,7.01,0.3,1,1,1.141153528,94.52,45.10799263,13.67682532,7,19.788309,13.611691,1,0,1.1484,0.34702381,4,0.333333333,12.03,110.9726719,3.807354922,7,99.10479942,42,30
pyridine,pyridine,C1=CC=NC=C1,"sickening, sour,putrid",4,Fishy,4.242640687,0,0,0.40824829,6,6,11,922.596974,353.7673009,2,5.676981474,14.02945877,75.86113959,11,0,4.242640687,7.112533076,0.646593916,9,36,0,2.9,0,9.5,6.01,0.545454545,1,0,1.348587896,67.53,36.6510511,11.8125,6,12.783965,6.156035,1,0,1.0816,0,3,0,12.89,74.86730987,3.584962501,6,79.04219916,27,24
Thiophene-2-thiol,thiophenethiol,C1=CSC(=C1)S,"roast coffee, fishy",4,Fishy,4.352030487,0,0,0.399872143,5,5,10,2636.80794,1286.656898,2.18410557,4.21987221,32.06343032,109.1085055,10,0,4.405777394,7.457765113,0.745776511,8.82187003,29,0,3.666666667,0.227272727,7.5,6.02,0.5,2,1,1.521928095,80.46,46.22683305,11.57549817,6,15.147172,8.932828,1,0,2.0368,0.341269841,3,0.5,0,86.22907195,3.584962501,6,115.9754421,26,26
"4,5 dimethyl thiazole","4,5 dimethyl thiazole",CC1=CC2=C(C=C1C)N=C(N2)C3=CSC=N3,"fishy,amine,savory",4,Fishy,12.82538132,0,0,0.23031107,14,15,27,3358.777903,1411.409436,1.624719499,37.57140032,32.06224543,598.6349887,29,2,11.12095586,18.44099837,0.68299994,54.96717076,225,0,8.033333333,0.124481328,22.5,84.04,0.518518519,3,1,1.576065824,167.85,97.18886574,32.95276077,18,33.574723,16.345277,3,1,3.30324,0.447261982,8,0.6,41.57,182.0194574,5.169925001,18,229.0673684,426,88
Hexylamine,hexylamine,CCCCCCN,"ammoniacal, musty,fishy",4,Fishy,4.242640687,0,1,0.359095678,0,0,22,1077.021735,611.5661328,2.447472888,16.37139944,14.01306771,23.3609904,21,2,5.535533906,10.82167209,0.491894186,16.6253823,54,0,3.4,0.264705882,3.25,6.01,0,1,1,1.090652803,105.38,45.9038523,12.83378878,6,21.121895,14.478105,0,4,1.5254,0.213472222,6,1,26.02,123.3291309,3.584962501,6,101.1204495,56,22
dimethyl sulfide,dimethyl sulfide,CSC,"sulfury, onion, sweet corn",4,Fishy,1.414213562,0,0,0.569035594,0,0,9,1322.468226,893.564126,1.632993162,1.221500234,32.06120703,2.754887502,8,0,2.707106781,4.812538164,0.534726463,2.732050808,6,0,1.833333333,0.545454545,1,2.01,0,1,0,1.224394445,55.39,25.22730317,4.914213562,2,10.240758,8.479242,0,0,0.9792,0.25,2,1,0,61.65745387,2,2,62.01902119,4,6
3-(methylthio)butanal,3-(methylthio)butanal,CC(CC=O)SC,"green,musk,buchu",4,Fishy,4.352030487,0,0,0.351198129,0,0,17,2015.292846,1193.538632,2.831819966,10.81697389,32.06110264,54.04184398,16,1,5.698670613,9.610992876,0.565352522,14.86357869,45,0,3.666666667,0.363636364,4.75,6.02,0,2,0,1.450467463,99.23,48.48365161,12.66537523,6,18.71993,13.36007,0,3,1.3269,0.437777778,5,0.666666667,17.07,119.6991775,3.584962501,6,118.0452359,50,24
octen-1-ol,octen-1-ol,CCCCCCC=CO,"green, melon, watery",4,Fishy,5.656854249,0,0,0.313732835,0,0,25,1426.337993,768.774544,2.595082707,25.59316598,16.0020442,66.96788691,24,1,6.949747468,13.04942153,0.521976861,27.74218932,96,0,4.333333333,0.192307692,5.25,8.01,0,1,1,1.12385619,125.15,57.39847655,16.82976754,8,24.830688,16.051312,0,5,3.0285,0.174198696,8,1,20.23,153.0781087,4,8,128.1201151,120,30
"3,6-Nonadien-1-ol","3,6-nonadienol",CCC=CCC=CCCO,"green,melon,fatty",4,Fishy,6.363961031,0,0,0.296568711,0,0,26,1570.602114,814.3201495,2.647604849,29.33250276,16.00203736,103.2958938,25,2,7.656854249,14.04942153,0.540362367,34.34287175,122,0,4.833333333,0.172413793,6.75,9.01,0,1,1,1.141619525,134.94,63.07381563,18.82909733,9,26.500688,16.051312,0,5,2.2813,0.158601348,9,0.8,20.23,167.737635,4.169925001,9,140.1201151,165,34
hexenyl cyclopentanone,hexenyl cyclopentanone,CCCC=CCC1CCCC1=O,"oily,jasmin,coconut",5,Jasmine,8.554231059,0,0,0.241791217,0,0,30,1861.162484,939.7052275,1.984497805,36.76520693,16.0100498,169.842926,30,1,8.811554788,16.59124934,0.553041645,40.65587962,155,0,5.833333333,0.142857143,8.75,12.01,0.166666667,1,0,1.136477335,152.26,74.85476009,23.47584225,12,31.174274,18.925726,1,4,3.102,0.342014748,8,1,17.07,189.9731465,4.584962501,12,166.1357652,235,52
2-hexylidene cyclopentanone,2-hexylidene cyclopentanone,CCCCCC=C1CCCC1=O,"warm,jasmin,spciy",5,Jasmine,8.554231059,0,0,0.241791217,0,0,30,1861.162484,939.7052275,1.984497805,36.58663836,16.01004989,179.443134,30,1,8.811554788,16.59124934,0.553041645,40.65587962,155,0,5.833333333,0.142857143,8.75,12.01,0.166666667,1,0,1.136477335,152.26,74.85476009,23.47584225,12,31.174274,18.925726,1,4,3.2461,0.342014748,8,1,17.07,189.9731465,4.584962501,12,166.1357652,235,52
Methyl jasmonate,Methyl jasmonate,CCC=CCC1C(CCC1=O)CC(=O)OC,"jasmin, flower, oily ",5,Jasmine,11.45160787,0,0,0.205262664,0,0,36,2663.658856,1266.145245,2.360584133,56.37889962,16.0146528,280.9022939,36,1,11.96625533,20.56267535,0.571185426,63.04071054,231,0,7.5,0.222222222,13,16.03,0.138888889,3,0,1.300503731,187.88,96.85971164,31.20966311,16,37.45186,23.53614,1,5,2.5011,0.453928402,10,1,43.37,239.5091119,5,16,224.1412445,482,72
methyl-epi jasmonate,methyl-epi jasmonate,CCC=CCC1C(CCC1=O)C(=O)OC,"floral,fresh,petal",5,Jasmine,10.70406097,0,0,0.215615284,0,0,33,2517.362607,1177.522167,2.412972485,47.88900898,16.01465225,268.0407971,33,1,11.25914855,19.02084755,0.57638932,54.38900677,201,0,7,0.238095238,12.5,15.03,0.151515152,3,0,1.322179346,173.79,90.49476953,29.20416744,15,34.448274,21.529726,1,4,2.111,0.448475526,9,0.8,43.37,222.2131267,4.906890596,15,210.1255944,390,68
amyl cinnamyl acetate,amyl cinnamyl acetate,CCCCCC(C=CC1=CC=CC=C1)OC(=O)C,"floral,jasmin,chocolate",5,Jasmine,12.94670166,0,0,0.209735353,6,6,40,2842.515346,1325.307284,2.203243324,69.01313543,16.01398963,367.9431672,40,2,13.21733218,23.38970405,0.584742601,82.4365569,301,0,8.666666667,0.153846154,18.25,18.02,0.15,2,0,1.219240705,215.68,109.6662886,35.395629,18,42.993446,24.674554,1,7,4.2118,0.334331032,11,0.833333333,26.3,266.4339227,5.169925001,18,246.1619799,714,78
benzyl butarate,benzyl butarate,CCCC(=O)OCC1=CC=CC=C1,"fresh,fruity,jasmin",5,Jasmine,9.301777955,0,0,0.251691477,6,6,27,2113.066229,936.5369934,2.027147908,37.22319145,16.01398339,254.0526058,27,2,9.518661569,16.22239284,0.600829364,46.14877597,180,0,6.166666667,0.135135135,14.75,13.02,0.222222222,2,0,1.297231328,149.53,78.53118102,25.53037717,13,29.309102,16.648898,1,4,2.5299,0.339344025,9,0.8,26.3,182.5904556,4.700439718,13,178.0993797,290,56
dihydrojasmone,dihydrojasmone,CCCCCC1=C(CCC1=O)C,"fresh,outdoor,jasmin",5,Jasmine,8.623180745,0,0,0.246396237,0,0,30,1861.162484,939.7052275,2.199542733,34.56714948,16.0100499,201.0496522,30,2,8.974691495,16.59124934,0.553041645,37.47202587,138,0,5.833333333,0.228571429,8.75,12.01,0.166666667,1,0,1.136477335,152.26,74.85476009,23.34368112,12,31.174274,18.925726,1,4,3.2461,0.442535613,7,0.75,17.07,189.9731465,4.584962501,12,166.1357652,216,54
Methyl tridecyl ketone,2-pentadecanone,CCCCCCCCCCCCCC(=O)C,"fresh, jasmin, celery",5,Jasmine,10.82538132,0,0,0.229143574,0,0,46,2450.411736,1336.090623,2.880310191,85.27689967,16.01005251,151.5139411,45,2,12.06263164,23.84221616,0.518309047,86.60958564,321,0,7.833333333,0.170212766,9.25,15.01,0,1,0,1.049429852,223.78,102.0099627,30.66157027,15,45.85579,30.96421,0,12,5.2765,0.204799219,14,1,17.07,274.1500053,4.906890596,15,226.2296656,667,60
amyl cyclopentenone,amyl cyclopentenone,CCCCCC1=CCCC1=O,"woody,jasmin,tube rose",5,Jasmine,7.847124278,0,0,0.260897502,0,0,27,1714.866235,856.4920065,2.053767478,30.87816528,16.0100496,167.7115907,27,1,8.104448007,15.04942153,0.557385983,33.23256364,125,0,5.333333333,0.15625,8.25,11.01,0.185185185,1,0,1.154173393,138.17,68.48981797,21.4751353,11,28.170688,16.919312,1,4,2.856,0.363536292,7,0.75,17.07,172.6771613,4.459431619,11,152.1201151,176,48
cinnamyl cinnamate,cinnamyl cinnamate,C1=CC=C(C=C1)C=CCOC(=O)C=CC2=CC=CC=C2,"sweet,balsam,floral",5,Jasmine,14.9586322,0,0,0.212785129,12,12,36,3124.947204,1184.192288,1.436204197,83.38390761,16.01398756,583.3299917,37,1,14.04575931,23.76422064,0.66011724,109.7876774,461,0,9.666666667,0.034482759,26.75,61.02,0.527777778,2,0,1.251629167,215.8,118.5740113,40.40766586,21,42.332688,18.655312,2,5,3.9564,0.25586834,14,1,26.3,267.2235985,5.392317423,21,264.1150298,1066,92
2-tert-butyl-5-(chloromethyl)pyrazine,2-tert-butyl pyrazine,CC(C)(C)C1=NC=C(N=C1)CCl,"minty,green,bell pepper",6,Minty,8.900427685,0,0,0.266141059,6,6,25,2960.680519,1596.604483,2.358824869,26.63420123,35.45051672,248.2261998,25,4,9.190234444,15.12866375,0.60514655,34.76781948,126,0,6.014285714,0.368171021,13.25,12.03,0.24,2,0,1.498454536,146.11,77.99867588,23.17626172,12,28.078309,15.831691,1,1,2.5129,0.648076297,7,0.75,25.78,170.2590794,4.584962501,12,184.0767261,201,58
"(4R,6R)-p-mentha-1,8-dien-6-ol",cis carveol,CC1=CCC(CC1O)C(=C)C,"minty, spearmint",6,Minty,8.134853563,0,0,0.282169881,0,0,27,1714.866235,856.4920065,2.395634122,25.49715005,16.00204104,191.0494581,27,2,8.43072142,15.04942153,0.557385983,28.53414415,99,0,5.333333333,0.34375,7.75,11.01,0.222222222,1,1,1.154173393,138.17,68.43292659,21.23518733,11,28.170688,16.051312,1,1,2.2797,0.569241823,6,1,20.23,172.6771613,4.459431619,11,152.1201151,152,52
"1,4 cineole",isocineole,CC(C)C12CCC(O1)(CC2)C,"minty, cooling piney, camphoraceous",6,Minty,8.80137004,0,0,0.279490111,0,0,29,1716.898363,896.4160179,2.202818982,23.61804582,16.00403021,163.7115907,30,3,8.112884175,15.59124934,0.537629288,24.7360799,89,0,5.333333333,0.28125,6.5,34.01,0.24137931,1,0,1.124259237,135.91,69.12561298,21.86890495,12,29.504274,19.793726,2,1,2.7441,0.698452381,5,0.666666667,9.23,165.5936202,4.584962501,12,154.1357652,132,64
cyclohexyl ethyl acetate,cyclohexyl ethyl acetate,CC(=O)OCCC1CCCCC1,"mint,rose,raspberry",6,Minty,8.704060974,0,0,0.260670872,0,0,30,1972.866364,1006.674914,1.976774803,36.24487478,16.01398472,136.7740057,30,2,8.811554788,16.30604844,0.543534948,40.06837277,150,0,5.666666667,0.147058824,8.25,12.02,0.2,2,0,1.230959563,148.34,74.29296623,23.54000439,12,30.306274,20.661726,1,3,2.5199,0.344247688,8,1,26.3,184.1038472,4.584962501,12,170.1306798,233,52
"para-menthane-3,8-diol","para-menthane-3,8-diol",CC1CCC(C(C1)O)C(C)(C)O,"minty,herbal,eucalyptus",6,Minty,9.07876717,0,0,0.267251687,0,0,32,1974.898492,1047.515248,2.565300112,31.04451504,16.0031061,148.4077941,32,3,9.353371151,16.84787625,0.526496133,31.96799227,106,0,5.666666667,0.382352941,6.5,12.02,0.1875,2,2,1.198192411,152.64,74.60636641,23.00487925,12,31.63986,20.06414,1,1,1.5544,0.705522169,6,1,40.46,186.7403061,4.584962501,12,172.1463299,186,60
"(3,3,5-trimethylcyclohexyl) acetate",homomenthyl acetate,CC1CC(CC(C1)(C)C)OC(=O)C,"sweet, minty, spicy clove",6,Minty,9.8383948,0,0,0.249213825,0,0,33,2119.162613,1090.109588,2.476225214,34.84891992,16.01398671,196.2669598,33,4,10.06047793,17.84787625,0.540844735,38.77242249,125,0,6.166666667,0.378378378,8.75,13.02,0.181818182,2,0,1.211293825,162.43,80.65790835,25.01464869,13,33.30986,22.66814,1,1,2.7643,0.704609696,6,1,26.3,201.3998324,4.700439718,13,184.1463299,244,64
methyl 2-hydroxy-5-methylbenzoate,methyl 5-methyl salicylate,CC1=CC(=C(C=C1)O)C(=O)OC,"minty, fruity, cherry",6,Minty,8.732570544,0,0,0.264885407,6,6,22,2076.441732,821.2388695,2.480386804,24.76223308,16.01432099,304.6419995,22,1,9.137828202,13.85353633,0.629706197,33.08516122,110,0,5.5,0.303030303,15,12.03,0.272727273,3,1,1.436545552,127.22,70.59553054,23.23210951,12,24.10393,12.63607,1,1,1.48722,0.526857639,6,1,46.53,156.7887121,4.584962501,12,166.0629942,192,56
3-methyl-6-propan-2-ylidenecyclohex-2-en-1-one,piperitenone,CC1=CC(=O)C(=C(C)C)CC1,"sharp, minty, phenolic",6,Minty,8.134853563,0,0,0.281001203,0,0,25,1712.834107,810.1801534,2.43715926,23.11406012,16.01004971,239.598392,25,3,8.43072142,14.50759373,0.580303749,28.17941701,95,0,5.333333333,0.34375,9.25,11.01,0.24,1,0,1.182966195,133.87,67.80021494,21.23398969,11,26.837102,14.912898,1,0,2.632,0.580360871,6,1,17.07,170.0407023,4.459431619,11,150.1044651,150,52
"(1S,2S,5R)-5-methyl-2-prop-1-en-2-ylcyclohexan-1-ol",isopulegol,CC1CCC(C(C1)O)C(=C)C,"minty,cooling, medicinal",6,Minty,8.134853563,0,0,0.281001203,0,0,29,1716.898363,896.4160179,2.43715926,26.71969294,16.00204098,150.9517669,29,2,8.43072142,15.59124934,0.537629288,28.17941701,95,0,5.333333333,0.34375,6.75,11.01,0.206896552,1,1,1.124259237,142.47,69.12252962,21.23398969,11,29.504274,18.057726,1,1,2.3596,0.580360871,6,1,20.23,175.3136202,4.459431619,11,154.1357652,150,52
"cis-(-)-carvone-5,6-oxide",cis carvone,CC(=C)C1CC2C(O2)(C(=O)C1)C,"sweet, caraway, mint",6,Minty,9.515816949,0,0,0.249298247,0,0,26,1968.802108,906.1448618,2.018410951,28.80275416,16.01030053,256.5641942,27,2,8.93072142,15.22239284,0.585476648,31.4678001,118,0,5.666666667,0.323529412,9.75,37.02,0.269230769,2,0,1.295737801,133.18,72.59753205,23.50939021,13,27.639102,16.648898,2,1,1.6991,0.717103893,6,1,29.6,169.1109293,4.700439718,13,166.0993797,183,68
Benzyl 2-methylcrotonate,benzyl tiglate,CC=C(C)C(=O)OCC1=CC=CC=C1,"earthy,mushroom,green",7,Earthy,10.07783442,0,0,0.251339469,6,6,28,2257.33035,964.7582584,2.116214319,39.76369502,16.01398423,325.4347828,28,3,10.38890506,17.22239284,0.615085458,51.10480839,195,0,6.666666667,0.2,16.25,14.02,0.214285714,2,0,1.295836389,159.32,84.2065201,27.3567881,14,30.979102,16.648898,1,3,2.696,0.413993689,9,0.8,26.3,197.2499819,4.807354922,14,190.0993797,347,62
difurfuryl sulfide,difurfuryl sulfide,C1=COC(=C1)CSCC2=CC=CO2,"mild, earthy, fungal",7,Earthy,9.899494937,0,0,0.273038346,10,10,23,2992.581452,1352.0473,1.520330935,29.35412173,32.06099822,289.4481088,24,2,8.932875131,15.32579198,0.666338782,45.74297104,184,0,6.5,0,16,40.03,0.565217391,3,0,1.547972308,140.93,80.93015011,26.36179837,14,27.87193,15.96407,2,4,3.306,0.219605426,8,1,26.28,160.5470359,4.807354922,14,194.0401506,290,62
dodecan-1-ol,1-dodecanol,CCCCCCCCCCCCO,"earthy, soapy,waxy",7,Earthy,8.485281374,0,0,0.258040575,0,0,39,2013.555117,1123.241709,2.758149818,57.77198013,16.00203816,71.19366194,38,2,9.778174593,19.75856055,0.506629758,58.31391262,216,0,6.333333333,0.131578947,6.25,12.01,0,1,1,1.048710355,185.81,83.54784804,24.8285109,12,38.178618,26.083382,0,10,3.8996,0.116689171,12,1,20.23,224.8985086,4.584962501,12,186.1983655,364,46
2-ethylfenchol,ethyl fenchol,CCC1(C(C2CCC1(C2)C)(C)C)O,"earthy, ground, rooty",7,Earthy,10.28409118,0,0,0.251945218,0,0,35,2009.490861,1059.895368,2.452002229,30.46187814,16.00204498,226.5240883,36,4,9.905777394,18.67490495,0.533568713,30.90391066,103,0,6.333333333,0.368421053,7.25,40.01,0.2,1,1,1.097081714,164.09,81.53618573,25.52322694,14,35.511446,22.070554,2,1,2.9737,0.796977513,5,0.666666667,20.23,200.1855907,4.807354922,14,182.1670653,195,78
"	
3-hydroxy-3-methyl-2,4-nonanedione",lactadione,CCCCCC(=O)C(C)(C(=O)C)O,"rubbery,earthy,plastic",7,Earthy,9.008068905,0,0,0.229903764,0,0,31,2228.834365,1109.820333,3.867770934,40.96523352,16.01148927,194.3465391,30,3,10.48312766,17.02084755,0.549059598,43.60242427,148,0,6,0.416666667,9.75,12.03,0,3,1,1.30797636,160.77,79.14100801,24.07516144,12,31.108274,19.793726,0,6,1.4758,0.644491173,8,1,54.37,202.6140741,4.584962501,12,186.1255944,272,56
methyl (E)-hex-3-enoate,methyl hex-3-enoate,CCC=CCC(=O)OC,"fruity, estry, green",7,Earthy,5.766244049,0,0,0.30429031,0,0,21,1533.977617,751.701177,2.876622595,21.01236401,16.01413443,105.4837784,20,1,7.112884175,11.68056503,0.556217382,25.41191019,85,0,4.166666667,0.32,7.25,8.02,0,2,0,1.312744353,112.63,55.51436801,16.65751855,8,21.295516,14.642484,0,3,1.5157,0.379930839,7,0.75,26.3,141.9358915,4,8,128.0837296,110,32
3-octanol,3-octanol,CCCCCC(CC)O,"earthy, mushroom, dairy",7,Earthy,5.766244049,0,0,0.30429031,0,0,27,1428.370121,800.2177743,2.876622595,24.99123627,16.00204035,52.52932501,26,2,7.112884175,13.59124934,0.503379605,25.41191019,85,0,4.333333333,0.307692308,4.25,8.01,0,1,1,1.086048612,129.45,58.08807958,16.65751855,8,26.164274,18.057726,0,5,2.3376,0.379930839,7,0.75,20.23,155.7145677,4,8,130.1357652,110,32
spathulenol,spathulenol,CC1(C2C1C3C(CCC3(C)O)C(=C)CC2)C,"earthy, herbal, fruity",7,Earthy,13.12639722,0,0,0.219638242,0,0,40,2444.315352,1230.396184,1.94932946,45.02103736,16.00204623,339.3441143,42,3,11.71517847,22.21673275,0.555418319,46.58816537,164,0,7.833333333,0.29787234,10.25,84.01,0.275,1,1,1.105866621,191.2,98.93557789,32.18649689,18,41.855032,24.076968,3,0,3.3858,0.666612495,6,1,20.23,237.0806285,5.169925001,18,220.1827154,363,98
bornyl formate,bornyl formate,CC1(C2CCC1(C(C2)OC=O)C)C,"green, earthy, herbal",7,Earthy,10.15829735,0,0,0.244962225,0,0,31,2117.130485,1045.523996,2.223697825,30.82929866,16.0139724,234.244778,32,3,9.690234444,17.30604844,0.558259627,34.4873154,131,0,6.166666667,0.297297297,9.25,40.02,0.225806452,2,0,1.240893155,151.57,79.65207719,25.80666346,14,31.976274,20.661726,2,2,2.3742,0.692832457,6,1,26.3,189.0433735,4.807354922,14,182.1306798,215,74
butyl propionate,butyl propionate,CCCCOC(=O)CC,"sweet, estry, banana",7,Earthy,5.766244049,0,0,0.30429031,0,0,23,1536.009745,799.1117029,2.876622595,22.21822852,16.01398101,78.98533617,22,3,7.112884175,12.22239284,0.531408384,25.41191019,85,0,4.166666667,0.32,6.25,8.02,0,2,0,1.264672679,116.93,56.20397104,16.65751855,8,22.629102,16.648898,0,4,1.7397,0.379930839,7,0.75,26.3,144.5723505,4,8,130.0993797,110,32
isoborneol,isoborneol,CC1(C2CCC1(C(C2)O)C)C,"pine, camphor, earthy",7,Earthy,8.853473583,0,0,0.28011011,0,0,29,1716.898363,896.4160179,2.396254979,22.49377938,16.00204102,185.3117986,30,3,8.276020882,15.59124934,0.537629288,22.99476735,73,0,5.333333333,0.34375,6.25,34.01,0.24137931,1,1,1.124259237,135.91,68.8063015,21.77328534,12,29.504274,18.057726,2,0,2.1935,0.696828878,4,1,20.23,165.5936202,4.584962501,12,154.1357652,123,66
benzyl disulfide,benzyl disulfide,C1=CC=C(C=C1)CSSCC2=CC=CC=C2,"smoky, burnt, earthy",8,Smoky,12.02081528,0,0,0.244697836,12,12,30,4089.60979,2066.074423,1.471108349,43.00209993,32.16050763,356.0952226,31,2,11.05419547,20.16690413,0.672230138,69.85218181,296,0,8.666666667,0,20.5,49.02,0.533333333,2,0,1.286692668,193.3,104.8645637,32.58894968,17,38.515102,16.504898,2,5,4.7682,0.189618703,11,0.833333333,0,225.3866294,5.087462841,17,246.0536924,544,74
2-(ethoxymethyl)phenol,ethoxy ortho cresol,CCOCC1=CC=CC=C1O,"sweet, smokey, vanilla",8,Smoky,7.847124278,0,0,0.272015016,6,6,23,1822.505859,815.4315438,2.182910677,24.29424394,16.00449925,220.5576473,23,3,8.104448007,13.68056503,0.594807175,31.33278616,118,0,5.166666667,0.161290323,12.75,11.02,0.260869565,2,1,1.325784781,125.65,66.43400844,21.56056573,11,24.635516,13.774484,1,3,1.9287,0.37346354,7,0.75,29.46,150.6349441,4.459431619,11,152.0837296,166,48
"2,4-dimethylpyridine","2,4,lutidine",CC1=CC(=NC=C1)C,"smoky, phenolic",8,Smoky,5.875633849,0,0,0.342091847,6,6,17,1215.189472,539.7536875,2.230637658,11.39636286,14.02950231,164.2466295,17,2,5.983127663,10.19618868,0.599775805,15.57069378,54,0,3.9,0.256410256,10.5,8.01,0.352941176,1,0,1.253297578,95.71,49.38093533,15.53295821,8,18.791137,10.168863,1,0,1.69844,0.462169312,4,0.333333333,12.89,109.4592803,4,8,107.0734993,61,36
Dichloroxylenol,"2,4 xylenol",CC1=CC(=C(C(=C1Cl)C)Cl)O,"weak, smoky, roasted",8,Smoky,8.163363134,0,0,0.281135751,6,6,19,3931.614481,2010.536344,2.625358332,17.99538374,35.45152658,268.3837992,19,2,8.593858127,13.0638221,0.687569584,26.17037909,89,0,5.761904762,0.479338843,13.75,11.03,0.315789474,1,1,1.616348566,130.17,75.56205355,21.06316894,11,23.856344,9.045656,1,0,3.31584,0.560975276,5,0.666666667,20.23,154.970868,4.459431619,11,189.9952202,140,54
3-Methyl-2-butene-1-thiol,prenyl mercaptan,CC(=CCS)C,"sulfurous, smoke, leek",8,Smoky,3.754313505,0,0,0.38546855,0,0,16,1759.324845,1106.586218,2.627214848,8.580123236,32.06060378,50.95878456,15,3,4.991563832,8.896193772,0.556012111,11.05878487,31,0,3.333333333,0.55,3.5,5.01,0,1,1,1.198192411,93.36,44.66448312,10.67917749,5,17.91793,12.49207,0,1,1.8824,0.472222222,4,1,0,110.9089506,3.321928095,5,102.0503213,32,20
"2,6-dimethoxyphenol",syringol,COC1=C(C(=CC=C1)OC)O,"smoky, phenolic, balsamic",8,Smoky,7.806684164,0,0,0.277073972,6,6,21,1932.177611,800.4229812,2.446430623,20.0256993,16.00632269,222.8425284,21,0,8.267584714,12.85353633,0.612073159,28.24181639,97,0,5,0.266666667,14.25,11.03,0.285714286,3,1,1.441166544,117.43,65.18261156,21.41652441,11,22.43393,13.50407,1,2,1.4094,0.449901515,6,1,38.69,142.1291858,4.459431619,11,154.0629942,150,50
Ethyl 4-hydroxy-3-methoxybenzoate,ethyl vanillate,CCOC(=O)C1=CC(=C(C=C1)O)OC,"phenolic, burnt, smoky",8,Smoky,10.03739431,0,0,0.238527899,6,6,26,2478.705982,998.1204126,2.409286837,35.07095934,16.0144502,332.8939251,26,2,10.55204176,16.11016324,0.619621663,46.68591734,168,0,6.333333333,0.263157895,17,14.04,0.230769231,4,1,1.460484681,147.18,82.07401789,27.25400522,14,27.909516,16.378484,1,3,1.5775,0.501058427,8,1,55.76,182.8749243,4.807354922,14,196.0735589,314,64
"2,3-dimethyl-1-benzofuran","2,3 dimethylbenzofuran",CC1=C(OC2=CC=CC=C12)C,"phenolic, smoky, tobacco",8,Smoky,8.58274063,0,0,0.282608914,9,10,21,1708.769851,691.092531,2.054166477,17.98851756,16.01029743,384.6721493,22,2,7.844934983,13.42393812,0.639235149,25.74125419,96,0,5.333333333,0.1875,14.5,34.01,0.428571429,1,0,1.22857638,118.71,65.63728114,22.29597862,12,24.16993,11.76807,2,0,3.04964,0.427081972,5,0.666666667,13.14,133.2477845,4.584962501,12,146.0731649,138,58
2-Methoxyphenol,guaiacol,COC1=CC=CC=C1O,"phenolic,smoky,spicy",8,Smoky,6.432910716,0,0,0.314779283,6,6,17,1529.913361,623.4138715,2.297255884,13.80377294,16.00502153,195.8625685,17,0,6.690234444,10.59690942,0.623347613,19.67321585,67,0,4.166666667,0.2,12.25,9.02,0.352941176,2,1,1.402081403,97.47,53.70412422,17.54892744,9,18.628344,9.761656,1,1,1.4008,0.432621212,5,0.666666667,29.46,116.0429736,4.169925001,9,124.0524295,86,40
d-xylose,d-xylose,C1C(C(C(C(O1)O)O)O)O,"smoky,woody,sweet",8,Smoky,7.387306667,0,0,0.29751253,0,0,20,2011.32125,884.370405,2.515835979,19.28998478,16.00860265,102.6059378,20,2,7.723614639,11.28313454,0.564156727,22.38592246,76,0,4.166666667,0.32,6.5,10.05,0.3,5,4,1.5,99.8,57.48366857,19.22532837,10,19.02793,11.76807,1,0,-2.5823,0.54276455,5,0.666666667,90.15,126.6310609,4.321928095,10,150.0528234,109,48
